k,silhouette,calinski_harabasz,davies_bouldin,sizes
2,0.14169996602391616,54.00720913517563,2.4925224771061343,"{1: 211, 0: 166}"
3,0.1554281632170724,53.670647261866215,2.002288953465217,"{0: 211, 1: 98, 2: 68}"
4,0.18238687259402653,55.99584934659742,1.7191272429312425,"{0: 188, 1: 98, 2: 68, 3: 23}"
5,0.1372611642243467,53.5282312728765,1.7176543031932716,"{1: 134, 0: 98, 2: 68, 4: 54, 3: 23}"
6,0.14180575025468678,48.9398190395579,1.8581127104723973,"{1: 134, 0: 68, 2: 65, 4: 54, 5: 33, 3: 23}"
