log_n_unique_voters,mean_robust_participation_vp,std_robust_participation_vp,gini_voting_power,whale_ratio_top1pct,proposal_frequency_per_30d,repeat_voter_rate,z_rep_pct_for_votes,z_rep_pct_against_votes,z_rep_pct_abstain_votes,z_rep_choice_entropy,z_rep_pct_aligned_with_majority
7.252578545313665,0.3776442749484432,0.3238962114680635,0.656989892196956,0.4482657015439201,1.4517534844954256,0.5828909638214796,-0.45702113992688775,0.3533517919274793,0.2331794626273588,0.08316241260256801,-0.33522008200149334
6.70201073872162,0.2468816768083496,0.3202656007903579,0.16195777816908563,0.8391862956647573,2.7734324369209906,0.5369689733397559,-0.0165066918484464,0.21160617379776486,-0.11130852756427781,-0.2628603735709147,0.04917152292223122
7.13871125998354,0.42531293524440017,0.3187642443787637,0.7493673903697189,0.4725612476500443,1.0318716424554195,0.5648690107757776,0.26572692546185206,-0.21425620953660282,-0.09489924405118108,-0.3420316646355865,0.23496315843431526
6.978120994469378,0.42797813955312386,0.3078969647781579,0.7361287861901309,0.46770574054978525,1.367862645525397,0.6425885550698163,-2.030659242645218,-0.4125658135090115,-0.09027268455365388,-0.47287388216718473,0.39115641951840263
