k,inertia,silhouette,calinski_harabasz,davies_bouldin,cluster_sizes,min_cluster_size,max_cluster_pct
2,2469.9262791870733,0.16766884216576813,71.15186573994015,2.135650305588109,"{0: 142, 1: 235}",142,0.623342175066313
3,2184.445726709303,0.1780670423117573,64.55663936799873,1.8358092202362197,"{0: 109, 1: 197, 2: 71}",71,0.5225464190981433
4,1911.185919185306,0.20693312115077656,66.83681480500621,1.596526015231576,"{0: 104, 1: 69, 2: 171, 3: 33}",33,0.4535809018567639
5,1745.856544664551,0.15703254511273074,63.53441333690204,1.6256082322907521,"{0: 33, 1: 62, 2: 109, 3: 86, 4: 87}",33,0.2891246684350133
6,1645.8878286752933,0.15630229618958333,58.27658012289012,1.6521183333150418,"{0: 75, 1: 109, 2: 40, 3: 78, 4: 44, 5: 31}",31,0.2891246684350133
