z_log_n_unique_voters,z_mean_robust_participation_vp,z_std_robust_participation_vp,z_gini_voting_power,z_whale_ratio_top1pct,z_proposal_frequency_per_30d,z_repeat_voter_rate,z_z_rep_pct_for_votes,z_z_rep_pct_against_votes,z_z_rep_pct_abstain_votes,z_z_rep_choice_entropy,z_z_rep_pct_aligned_with_majority
0.16541951870830393,0.009575771251716929,0.0006608665973659306,-0.1580351601547465,-0.13724559150198062,0.18973203999281935,0.024618330700643138,-0.6721489790932766,0.8829467641436148,1.2101507034137824,0.8677446513034819,-0.990220974632155
-0.13734886441503324,-0.5057524262691,-0.061862731495829805,-1.4843422361876821,0.9831114373291676,1.2342470052025059,-0.14524658537626722,-0.07533823164090697,0.6117318690783948,-0.05881191051193346,0.06995518418012461,-0.15286761769843474
0.10280159325522543,0.19743533612690914,-0.08771794242482882,0.08946581204653775,-0.06761588598466618,-0.14209806657407478,-0.04204466690762821,0.30703300916150955,-0.20310969803487083,0.0016336431569877186,-0.11258199150253598,0.25185831203959996
0.014489755089399405,0.20793875952147836,-0.2748659135050132,0.05399648813273977,-0.0815315036065745,0.12343361208233497,0.24543903601018777,-2.804120214996125,-0.5825536564546846,0.018676127076961258,-0.4142515553948911,0.5921075521996139
