k,silhouette_real,ch_real,db_real,silhouette_null_mean,ch_null_mean,db_null_mean
2,0.16766884216576813,71.15186573994015,2.135650305588109,0.16313035685059277,37.933536886876006,2.2244763531411467
3,0.1780670423117573,64.55663936799873,1.8358092202362197,0.10577124334105156,35.162590392323935,2.639281469858383
4,0.20693312115077656,66.83681480500621,1.596526015231576,0.09042997582481574,32.94637878427757,2.5503965518344964
5,0.15703254511273074,63.53441333690204,1.6256082322907521,0.09132095417858822,31.376736430004208,2.365780693916139
6,0.15630229618958333,58.27658012289012,1.6521183333150418,0.0924618023144317,29.913610757288758,2.2319127848665374
