component,explained_variance_ratio,cumulative
PC1,0.23015394923306137,0.23015394923306137
PC2,0.1710144528816862,0.4011684021147476
PC3,0.1322713070134222,0.5334397091281697
PC4,0.11634887769859496,0.6497885868267647
PC5,0.09751371850974079,0.7473023053365054
PC6,0.06659014533304028,0.8138924506695457
PC7,0.06320693472210463,0.8770993853916503
PC8,0.04128989894906902,0.9183892843407193
PC9,0.031164954226148258,0.9495542385668676
PC10,0.02154772803227257,0.9711019665991402
