k,bic,aic
2,13491.21263132473,12753.159385278555
3,13504.455263315906,12395.336573124969
4,11641.151304288735,10160.967169953035
5,10816.767463199336,8965.517884718876
6,11102.880775459835,8880.56575283461
