log_n_unique_voters,mean_robust_participation_vp,std_robust_participation_vp,gini_voting_power,whale_ratio_top1pct,proposal_frequency_per_30d,repeat_voter_rate,z_rep_pct_for_votes,z_rep_pct_against_votes,z_rep_pct_abstain_votes,z_rep_choice_entropy,z_rep_pct_aligned_with_majority
6.718116715172383,0.37520666176827816,0.30818307209139767,0.45365086995111714,0.5734158393047265,2.041320134430305,0.5363997827924183,-0.7992362046882803,0.6679423561675252,0.3454683578700241,0.09700657326319329,-0.48104276671713475
7.124580063194009,0.39604882866520447,0.3177608018143156,0.6450783122382217,0.5375813046807439,1.4249731753791361,0.5753909072330046,-0.05526609762095264,-0.1649615460124364,-0.06494251357673389,-0.3033173466415613,0.1989344239666445
