z_log_n_unique_voters,z_mean_robust_participation_vp,z_std_robust_participation_vp,z_gini_voting_power,z_whale_ratio_top1pct,z_proposal_frequency_per_30d,z_repeat_voter_rate,z_z_rep_pct_for_votes,z_z_rep_pct_against_votes,z_z_rep_pct_abstain_votes,z_z_rep_choice_entropy,z_z_rep_pct_aligned_with_majority
-0.08542591496513173,-0.002967714818741349,-0.2695476673614852,-0.5091872884155089,0.17074322875165435,0.5560478221954962,-0.1306194861902075,-0.8506638789425491,1.2022217877991337,1.25553451189919,0.7465668791896979,-1.0643273889844758
0.13270854798391074,0.07558663989663159,-0.11443792060645244,-0.10474349270960401,0.07711881615540617,0.13141402704305483,-0.0007276693622484745,-0.024039486985895864,-0.15720578920321765,0.06347694984735353,-0.05198381537065108,0.20693522995901922
