component,explained_variance_ratio,cumulative
PC1,0.2318405740656496,0.2318405740656496
PC2,0.1837605810760211,0.41560115514167073
PC3,0.154384302675154,0.5699854578168247
PC4,0.10063810199839424,0.670623559815219
PC5,0.08363606568768517,0.7542596255029042
PC6,0.07230728813219087,0.826566913635095
PC7,0.057416181683246484,0.8839830953183415
PC8,0.03368489037622835,0.9176679856945699
PC9,0.030936027071824787,0.9486040127663946
PC10,0.01952219006487284,0.9681262028312675
