k,silhouette,calinski_harabasz,davies_bouldin,sizes
2,0.17708538948462493,59.54128783313245,2.4705151729810777,"{1: 265, 0: 169}"
3,0.18595039276596498,60.18971343270555,2.0642959042296503,"{1: 265, 0: 129, 2: 40}"
4,0.18766362667494943,60.740704857387286,1.6470898056040721,"{1: 265, 0: 123, 2: 40, 3: 6}"
5,0.18843412258855774,57.893910130900686,1.5268410265337544,"{0: 265, 1: 73, 4: 50, 2: 40, 3: 6}"
6,0.18817531844695115,55.4979668110028,1.4604440337166327,"{0: 244, 1: 73, 4: 50, 2: 40, 5: 21, 3: 6}"
