k,inertia,silhouette,calinski_harabasz,davies_bouldin,cluster_sizes,min_cluster_size,max_cluster_pct
2,3339.810632407997,0.2297011455036223,81.00130439856325,2.1034481099387023,"{0: 138, 1: 296}",138,0.6820276497695853
3,2971.6851237597184,0.21253459110565562,72.10805813377962,1.8702644696488475,"{0: 100, 1: 269, 2: 65}",65,0.619815668202765
4,2653.2602118945924,0.1957876794455797,70.9181917405484,1.524947968102672,"{0: 64, 1: 249, 2: 114, 3: 7}",7,0.5737327188940092
5,2412.7603105361654,0.1401135831241781,69.04487456841095,1.5994515046774627,"{0: 104, 1: 7, 2: 134, 3: 26, 4: 163}",7,0.37557603686635943
6,2232.3265860959955,0.1646764366421998,66.48017326861803,1.5625281581073491,"{0: 78, 1: 80, 2: 7, 3: 24, 4: 75, 5: 170}",7,0.391705069124424
