k,silhouette_real,ch_real,db_real,silhouette_null_mean,ch_null_mean,db_null_mean
2,0.2297011455036223,81.00130439856325,2.1034481099387023,0.29296950008334566,51.5177779183731,1.5195475017432316
3,0.21253459110565562,72.10805813377962,1.8702644696488475,0.11027004661218862,45.94653893906057,2.470297858489192
4,0.1957876794455797,70.9181917405484,1.524947968102672,0.10706356264057289,42.914825224518765,2.2769149480715507
5,0.1401135831241781,69.04487456841095,1.5994515046774627,0.10630116226750178,40.70576085527816,2.182572549890062
6,0.1646764366421998,66.48017326861803,1.5625281581073491,0.10383204239919544,38.96072414286071,2.091416869193881
